,SYMBOL,P4,P3,P2,P1,PC3,PC2,PC1,%PC3,%PC2,%PC1,TV4,TV3,TV2,TV1,CTV3,CTV2,CTV1,%CTV3,%CTV2,%CTV1,TQ4,TQ3,TQ2,TQ1,CTQ3,CTQ2,CTQ1,%CTQ3,%CTQ2,%CTQ1,DV4,DV3,DV2,DV1,CDV3,CDV2,CDV1,%CDV3,%CDV2,%CDV1,%DV4,%DV3,%DV2,%DV1,C%DV3,C%DV2,C%DV1
1,IDEA,8.65,8.85,9.1,9.0,-0.2,-0.25,0.1,-2.31,-2.82,1.1,125773464,79255978,120002040,67880130,46517486,-40746062,52121910,36.99,-51.41,43.43,192166,80459,90647,77114,111707,-10188,13533,58.13,-12.66,14.93,42207816,35392807,57167387,30948350,6815009,-21774580,26219037,16.15,-61.52,45.86,0.3356,0.4466,0.4764,0.4559,-0.11,-0.03,0.02
2,HINDALCO,396.05,407.5,411.1,412.65,-11.45,-3.6,-1.55,-2.89,-0.88,-0.38,7054654,6519737,5241693,11758976,534917,1278044,-6517283,7.58,19.6,-124.34,92140,70335,80357,149260,21805,-10022,-68903,23.67,-14.25,-85.75,2276127,2257763,1320273,3331854,18364,937490,-2011581,0.81,41.52,-152.36,0.3226,0.34630000000000005,0.2519,0.2833,-0.02,0.09,-0.03
3,TATACOMM,1176.55,1219.4,1217.9,1182.15,-42.85,1.5,35.75,-3.64,0.12,2.94,316866,588542,685248,298283,-271676,-96706,386965,-85.74,-16.43,56.47,14645,30702,27953,14933,-16057,2749,13020,-109.64,8.95,46.58,107676,175694,97980,119275,-68018,77714,-21295,-63.17,44.23,-21.73,0.3398,0.29850000000000004,0.14300000000000002,0.39990000000000003,0.04,0.16,-0.26
4,ABFRL,331.9,338.75,340.2,335.75,-6.85,-1.45,4.45,-2.06,-0.43,1.31,1677395,1633806,1897969,1458434,43589,-264163,439535,2.6,-16.17,23.16,36951,26355,24910,27813,10596,1445,-2903,28.68,5.48,-11.65,484258,512067,369222,395813,-27809,142845,-26591,-5.74,27.9,-7.2,0.2887,0.3134,0.1945,0.27140000000000003,-0.02,0.12,-0.08
5,BHEL,60.95,63.2,63.9,63.85,-2.25,-0.7,0.05,-3.69,-1.11,0.08,19652471,16294745,16854426,33973394,3357726,-559681,-17118968,17.09,-3.43,-101.57,34602,28331,34669,57826,6271,-6338,-23157,18.12,-22.37,-66.79,5842353,3896265,3835092,9930069,1946088,61173,-6094977,33.31,1.57,-158.93,0.2973,0.2391,0.2275,0.2923,0.06,0.01,-0.06
6,TITAN,2624.5,2680.1,2730.5,2592.85,-55.6,-50.4,137.65,-2.12,-1.88,5.04,1067626,1290447,5284814,1409852,-222821,-3994367,3874962,-20.87,-309.53,73.32,74108,75217,199594,142313,-1109,-124377,57281,-1.5,-165.36,28.7,541869,403624,1361596,875874,138245,-957972,485722,25.51,-237.34,35.67,0.5075000000000001,0.3128,0.2576,0.6213000000000001,0.19,0.06,-0.36
7,NATIONALUM,70.1,72.25,72.35,72.75,-2.15,-0.1,-0.4,-3.07,-0.14,-0.55,10578567,6928269,7104964,12882262,3650298,-176695,-5777298,34.51,-2.55,-81.31,31056,18926,21949,29922,12130,-3023,-7973,39.06,-15.97,-36.33,3661498,1379885,1965201,4045195,2281613,-585316,-2079994,62.31,-42.42,-105.84,0.3461,0.19920000000000002,0.2766,0.314,0.15,-0.08,-0.04
8,DLF,358.5,366.25,368.9,367.35,-7.75,-2.65,1.55,-2.16,-0.72,0.42,3727411,3136911,4146172,9169254,590500,-1009261,-5023082,15.84,-32.17,-121.15,36116,32737,45446,101469,3379,-12709,-56023,9.36,-38.82,-123.27,1640540,1108264,1399889,3106920,532276,-291625,-1707031,32.45,-26.31,-121.94,0.4401,0.3533,0.3376,0.33880000000000005,0.09,0.02,-0.0
9,INDUSTOWER,190.4,197.1,200.25,200.95,-6.7,-3.15,-0.7,-3.52,-1.6,-0.35,1827138,1055793,858038,1311742,771345,197755,-453704,42.22,18.73,-52.88,22289,12236,9628,15476,10053,2608,-5848,45.1,21.31,-60.74,958279,490968,203804,554037,467311,287164,-350233,48.77,58.49,-171.85,0.5245000000000001,0.465,0.23750000000000002,0.42240000000000005,0.06,0.23,-0.18
10,DELTACORP,217.55,228.7,227.35,220.75,-11.15,1.35,6.6,-5.13,0.59,2.9,7731308,6490573,9486970,6424694,1240735,-2996397,3062276,16.05,-46.17,32.28,53097,42541,64350,41060,10556,-21809,23290,19.88,-51.27,36.19,1890773,1722802,1970799,2154185,167971,-247997,-183386,8.88,-14.39,-9.31,0.2446,0.26539999999999997,0.2077,0.33530000000000004,-0.02,0.06,-0.13
11,TRENT,1423.05,1431.85,1450.75,1447.4,-8.8,-18.9,3.35,-0.62,-1.32,0.23,670168,532783,633829,572255,137385,-101046,61574,20.5,-18.97,9.71,30582,28438,36049,44124,2144,-7611,-8075,7.01,-26.76,-22.4,222906,298853,196185,268785,-75947,102668,-72600,-34.07,34.35,-37.01,0.3326,0.5609000000000001,0.3095,0.4697,-0.23,0.25,-0.16
12,,,,,,,,,,,,,,,,,,,,,,,,,,,,,,,,,,,,,,,,,,,,,,,,
13,BATAINDIA,1810.3,1781.15,1784.65,1800.8,29.15,-3.5,-16.15,1.61,-0.2,-0.9,656495,267904,275557,200844,388591,-7653,74713,59.19,-2.86,27.11,25609,10216,14868,13442,15393,-4652,1426,60.11,-45.54,9.59,295243,161518,147207,103680,133725,14311,43527,45.29,8.86,29.57,0.4497,0.6029,0.5342,0.5162,-0.15,0.07,0.02
14,AMARAJABAT,487.75,495.9,500.9,501.05,-8.15,-5.0,-0.15,-1.67,-1.01,-0.03,279583,230358,224838,417044,49225,5520,-192206,17.61,2.4,-85.49,10654,8525,6788,11367,2129,1737,-4579,19.98,20.38,-67.46,103423,72546,63027,103707,30877,9519,-40680,29.86,13.12,-64.54,0.3699,0.3149,0.2803,0.2487,0.05,0.03,0.03
15,PAGEIND,51306.2,52385.0,53453.2,53078.95,-1078.8,-1068.2,374.25,-2.1,-2.04,0.7,19818,13276,17210,33655,6542,-3934,-16445,33.01,-29.63,-95.55,9325,7254,8783,16326,2071,-1529,-7543,22.21,-21.08,-85.88,7084,5150,6124,13119,1934,-974,-6995,27.3,-18.91,-114.22,0.3575,0.3879,0.3558,0.3898,-0.03,0.03,-0.03
16,RAIN,166.65,172.5,171.55,169.65,-5.85,0.95,1.9,-3.51,0.55,1.11,1133694,1848358,1338060,1679603,-714664,510298,-341543,-63.04,27.61,-25.53,15199,16560,11248,13685,-1361,5312,-2437,-8.95,32.08,-21.67,374836,401920,320034,405570,-27084,81886,-85536,-7.23,20.37,-26.73,0.3306,0.21739999999999998,0.23920000000000002,0.2415,0.11,-0.02,-0.0
17,ACC,2311.65,2369.25,2384.75,2381.75,-57.6,-15.5,3.0,-2.49,-0.65,0.13,380893,383666,567262,690259,-2773,-183596,-122997,-0.73,-47.85,-21.68,21308,22152,28218,36234,-844,-6066,-8016,-3.96,-27.38,-28.41,92002,51053,111532,180302,40949,-60479,-68770,44.51,-118.46,-61.66,0.2415,0.1331,0.1966,0.2612,0.11,-0.06,-0.06
18,ULTRACEMCO,6076.75,6149.9,6203.5,6287.25,-73.15,-53.6,-83.75,-1.2,-0.87,-1.35,276525,282642,454883,495617,-6117,-172241,-40734,-2.21,-60.94,-8.95,36520,40933,52964,64157,-4413,-12031,-11193,-12.08,-29.39,-21.13,126020,132409,238420,295266,-6389,-106011,-56846,-5.07,-80.06,-23.84,0.4557,0.4685,0.5241,0.5958,-0.01,-0.06,-0.07
19,TORNTPHARM,1588.1,1593.65,1572.4,1604.8,-5.55,21.25,-32.4,-0.35,1.33,-2.06,267278,331066,571156,166218,-63788,-240090,404938,-23.87,-72.52,70.9,24096,16104,23465,21292,7992,-7361,2173,33.17,-45.71,9.26,148514,234086,268385,82614,-85572,-34299,185771,-57.62,-14.65,69.22,0.5557,0.7071,0.46990000000000004,0.49700000000000005,-0.15,0.24,-0.03
20,BOSCHLTD,15572.25,15757.85,15865.35,15945.6,-185.6,-107.5,-80.25,-1.19,-0.68,-0.51,19107,13100,28071,30447,6007,-14971,-2376,31.44,-114.28,-8.46,4827,4102,5688,7008,725,-1586,-1320,15.02,-38.66,-23.21,10652,3778,16247,17748,6874,-12469,-1501,64.53,-330.04,-9.24,0.5575,0.2884,0.5788000000000001,0.5829,0.27,-0.29,-0.0
21,INDIAMART,4391.95,4472.75,4486.6,4522.25,-80.8,-13.85,-35.65,-1.84,-0.31,-0.79,78206,39177,49588,82863,39029,-10411,-33275,49.91,-26.57,-67.1,9955,5935,7129,14476,4020,-1194,-7347,40.38,-20.12,-103.06,35068,8952,7173,43365,26116,1779,-36192,74.47,19.87,-504.56,0.4484,0.2285,0.14470000000000002,0.5233,0.22,0.08,-0.38
22,TATAMOTORS,393.35,395.95,412.15,414.1,-2.6,-16.2,-1.95,-0.66,-4.09,-0.47,14641301,32914630,10670854,12771199,-18273329,22243776,-2100345,-124.81,67.58,-19.68,187285,383835,117622,159765,-196550,266213,-42143,-104.95,69.36,-35.83,3677800,12262312,2060289,3412533,-8584512,10202023,-1352244,-233.41,83.2,-65.63,0.25120000000000003,0.3725,0.1931,0.2672,-0.12,0.18,-0.07
23,BALKRISIND,1908.35,1901.6,1915.5,1918.45,6.75,-13.9,-2.95,0.35,-0.73,-0.15,286411,217568,158312,111328,68843,59256,46984,24.04,27.24,29.68,21503,14895,17286,12706,6608,-2391,4580,30.73,-16.05,26.5,161112,129706,73345,47978,31406,56361,25367,19.49,43.45,34.59,0.5625,0.5962,0.4633,0.43100000000000005,-0.03,0.13,0.03
24,CANBK,222.7,227.65,229.05,227.05,-4.95,-1.4,2.0,-2.22,-0.61,0.87,5922542,5360189,9307860,5994698,562353,-3947671,3313162,9.5,-73.65,35.6,29794,33586,42284,36926,-3792,-8698,5358,-12.73,-25.9,12.67,1536493,673164,2811622,988894,863329,-2138458,1822728,56.19,-317.67,64.83,0.2594,0.12560000000000002,0.30210000000000004,0.165,0.13,-0.18,0.14
25,KOTAKBANK,1787.9,1808.25,1825.4,1818.9,-20.35,-17.15,6.5,-1.14,-0.95,0.36,1496718,1037722,1063844,1748151,458996,-26122,-684307,30.67,-2.52,-64.32,74868,50633,78434,84923,24235,-27801,-6489,32.37,-54.91,-8.27,921504,470171,503999,914158,451333,-33828,-410159,48.98,-7.19,-81.38,0.6157,0.45310000000000006,0.47380000000000005,0.5229,0.16,-0.02,-0.05
26,IBULHSGFIN,123.85,127.6,135.55,132.0,-3.75,-7.95,3.55,-3.03,-6.23,2.62,11375564,40863246,21901015,18096850,-29487682,18962231,3804165,-259.22,46.4,17.37,43223,142071,82581,65880,-98848,59490,16701,-228.69,41.87,20.22,2436511,5834464,3616412,4022326,-3397953,2218052,-405914,-139.46,38.02,-11.22,0.21420000000000003,0.1428,0.16510000000000002,0.2223,0.07,-0.02,-0.06
27,SUNTV,530.9,534.65,540.5,526.8,-3.75,-5.85,13.7,-0.71,-1.09,2.53,2467723,1281185,1897424,1008611,1186538,-616239,888813,48.08,-48.1,46.84,20408,22505,35074,15840,-2097,-12569,19234,-10.28,-55.85,54.84,1476903,286166,440535,238098,1190737,-154369,202437,80.62,-53.94,45.95,0.5985,0.22340000000000002,0.2322,0.2361,0.38,-0.01,-0.0
28,UBL,1650.95,1709.7,1726.8,1737.95,-58.75,-17.1,-11.15,-3.56,-1.0,-0.65,369343,208097,356499,328927,161246,-148402,27572,43.66,-71.31,7.73,17392,12704,25537,17502,4688,-12833,8035,26.95,-101.02,31.46,176189,65161,101974,121659,111028,-36813,-19685,63.02,-56.5,-19.3,0.47700000000000004,0.3131,0.28600000000000003,0.3699,0.16,0.03,-0.08
29,DALBHARAT,1490.15,1532.45,1524.35,1570.65,-42.3,8.1,-46.3,-2.84,0.53,-3.04,170005,181271,558920,234208,-11266,-377649,324712,-6.63,-208.33,58.1,7546,10467,26889,13021,-2921,-16422,13868,-38.71,-156.89,51.57,87644,21906,123442,121546,65738,-101536,1896,75.01,-463.51,1.54,0.5155,0.1208,0.2209,0.519,0.39,-0.1,-0.3
30,INDIACEM,244.05,275.25,274.8,278.25,-31.2,0.45,-3.45,-12.78,0.16,-1.26,22393041,14587029,11184905,22550913,7806012,3402124,-11366008,34.86,23.32,-101.62,127307,83501,59694,115939,43806,23807,-56245,34.41,28.51,-94.22,4015094,1610266,1082244,2250730,2404828,528022,-1168486,59.89,32.79,-107.97,0.1793,0.1104,0.0968,0.0998,0.07,0.01,-0.0
31,LALPATHLAB,2267.3,2374.5,2441.85,2476.75,-107.2,-67.35,-34.9,-4.73,-2.84,-1.43,294673,234002,144973,187169,60671,89029,-42196,20.59,38.05,-29.11,23093,17165,15309,14799,5928,1856,510,25.67,10.81,3.33,124431,122584,51021,50485,1847,71563,536,1.48,58.38,1.05,0.42229999999999995,0.5239,0.3519,0.2697,-0.1,0.17,0.08
32,CHOLAFIN,719.2,729.85,737.15,728.7,-10.65,-7.3,8.45,-1.48,-1.0,1.15,1401012,866135,1025301,990000,534877,-159166,35301,38.18,-18.38,3.44,27417,22232,31236,30829,5185,-9004,407,18.91,-40.5,1.3,965338,469212,404077,446350,496126,65135,-42273,51.39,13.88,-10.46,0.6890000000000001,0.5417000000000001,0.39409999999999995,0.4509,0.15,0.15,-0.06
33,RAMCOCEM,707.15,724.25,737.2,763.0,-17.1,-12.95,-25.8,-2.42,-1.79,-3.5,1070851,254858,625971,295262,815993,-371113,330709,76.2,-145.62,52.83,17918,13846,18113,15153,4072,-4267,2960,22.73,-30.82,16.34,725907,53306,96577,106570,672601,-43271,-9993,92.66,-81.17,-10.35,0.6779000000000001,0.20920000000000002,0.1543,0.36090000000000005,0.47,0.05,-0.21
34,BANKBARODA,129.6,132.2,135.3,134.9,-2.6,-3.1,0.4,-2.01,-2.34,0.3,14200008,21143008,23951985,16669962,-6943000,-2808977,7282023,-48.89,-13.29,30.4,45317,71421,85766,53607,-26104,-14345,32159,-57.6,-20.09,37.5,2629026,8004117,7673829,5138695,-5375091,330288,2535134,-204.45,4.13,33.04,0.18510000000000001,0.3786,0.3204,0.30829999999999996,-0.19,0.06,0.01
35,LICHSGFIN,404.6,416.2,425.55,426.5,-11.6,-9.35,-0.95,-2.87,-2.25,-0.22,1008701,1501296,2001032,2020216,-492595,-499736,-19184,-48.83,-33.29,-0.96,18538,37408,65133,40258,-18870,-27725,24875,-101.79,-74.12,38.19,352945,564873,1081207,874284,-211928,-516334,206923,-60.05,-91.41,19.14,0.34990000000000004,0.3763,0.5403,0.4328,-0.03,-0.16,0.11
36,VEDL,286.05,297.05,291.9,292.4,-11.0,5.15,-0.5,-3.85,1.73,-0.17,21039535,11439140,8499499,16940276,9600395,2939641,-8440777,45.63,25.7,-99.31,172837,112940,73534,144994,59897,39406,-71460,34.66,34.89,-97.18,7404490,3093335,2722627,5123463,4311155,370708,-2400836,58.22,11.98,-88.18,0.3519,0.2704,0.32030000000000003,0.3024,0.08,-0.05,0.02
37,ABCAPITAL,111.85,114.65,115.3,115.55,-2.8,-0.65,-0.25,-2.5,-0.57,-0.22,1757454,1728482,1813105,2374868,28972,-84623,-561763,1.65,-4.9,-30.98,11887,11062,12551,15137,825,-1489,-2586,6.94,-13.46,-20.6,682689,647712,720523,773967,34977,-72811,-53444,5.12,-11.24,-7.42,0.3885,0.3747,0.39740000000000003,0.3259,0.01,-0.02,0.07
38,HONAUT,38890.2,38642.3,39515.3,39983.0,247.9,-873.0,-467.7,0.64,-2.26,-1.18,6645,5988,2468,5316,657,3520,-2848,9.89,58.78,-115.4,2808,2964,1137,1974,-156,1827,-837,-5.56,61.64,-73.61,3389,3099,1347,2218,290,1752,-871,8.56,56.53,-64.66,0.51,0.5175,0.5458,0.4172,-0.01,-0.03,0.13
39,POLYCAB,2584.95,2614.35,2604.9,2642.95,-29.4,9.45,-38.05,-1.14,0.36,-1.46,204428,155471,239419,282347,48957,-83948,-42928,23.95,-54.0,-17.93,21916,12967,17987,21029,8949,-5020,-3042,40.83,-38.71,-16.91,93491,46870,108243,85087,46621,-61373,23156,49.87,-130.94,21.39,0.4573,0.3015,0.4521,0.3014,0.16,-0.15,0.15
40,SHREECEM,20802.1,21142.65,21283.75,21321.2,-340.55,-141.1,-37.45,-1.64,-0.67,-0.18,47401,39434,41735,56605,7967,-2301,-14870,16.81,-5.84,-35.63,13545,10900,12394,18700,2645,-1494,-6306,19.53,-13.71,-50.88,20718,11962,9159,17870,8756,2803,-8711,42.26,23.43,-95.11,0.43710000000000004,0.3033,0.2195,0.31570000000000004,0.13,0.08,-0.1
41,TATACONSUM,742.6,757.15,780.9,794.3,-14.55,-23.75,-13.4,-1.96,-3.14,-1.72,1956824,2334168,1053907,2067042,-377344,1280261,-1013135,-19.28,54.85,-96.13,60265,70735,46394,50133,-10470,24341,-3739,-17.37,34.41,-8.06,936482,1294495,579678,1153041,-358013,714817,-573363,-38.23,55.22,-98.91,0.4786,0.5546,0.55,0.5578000000000001,-0.08,0.0,-0.01
42,SAIL,79.35,81.9,81.05,82.45,-2.55,0.85,-1.4,-3.21,1.04,-1.73,15270763,17325325,12122823,22003469,-2054562,5202502,-9880646,-13.45,30.03,-81.5,36689,47253,35065,55110,-10564,12188,-20045,-28.79,25.79,-57.17,5120849,6215949,2489349,7116693,-1095100,3726600,-4627344,-21.39,59.95,-185.89,0.33530000000000004,0.3588,0.2053,0.3234,-0.02,0.15,-0.12
43,GRASIM,1644.5,1673.95,1697.9,1683.1,-29.45,-23.95,14.8,-1.79,-1.43,0.87,407835,768330,688616,613655,-360495,79714,74961,-88.39,10.37,10.89,29149,32538,43436,40906,-3389,-10898,2530,-11.63,-33.49,5.82,196447,432607,335518,307659,-236160,97089,27859,-120.22,22.44,8.3,0.4817,0.563,0.4872,0.5014000000000001,-0.08,0.08,-0.01
44,DEEPAKNTR,2178.2,2206.65,2205.35,2175.9,-28.45,1.3,29.45,-1.31,0.06,1.34,724712,628087,847553,710290,96625,-219466,137263,13.33,-34.94,16.2,45164,36940,41829,36050,8224,-4889,5779,18.21,-13.23,13.82,200776,175859,269857,197772,24917,-93998,72085,12.41,-53.45,26.71,0.277,0.28,0.3184,0.2784,-0.0,-0.04,0.04
45,IEX,141.0,143.1,146.05,145.8,-2.1,-2.95,0.25,-1.49,-2.06,0.17,3914733,4116049,3090370,5636347,-201316,1025679,-2545977,-5.14,24.92,-82.38,43573,44744,28116,46668,-1171,16628,-18552,-2.69,37.16,-65.98,1628700,1808089,1115826,1677420,-179389,692263,-561594,-11.01,38.29,-50.33,0.41600000000000004,0.4393,0.3611,0.29760000000000003,-0.02,0.08,0.06
46,RECLTD,92.05,93.0,95.15,95.5,-0.95,-2.15,-0.35,-1.03,-2.31,-0.37,4162842,7257911,3603038,6223294,-3095069,3654873,-2620256,-74.35,50.36,-72.72,27524,28608,25365,28253,-1084,3243,-2888,-3.94,11.34,-11.39,2645603,4492936,1877468,4167530,-1847333,2615468,-2290062,-69.83,58.21,-121.98,0.6355,0.619,0.5211,0.6697,0.02,0.1,-0.15
47,JINDALSTEL,428.55,446.5,446.3,453.0,-17.95,0.2,-6.7,-4.19,0.04,-1.5,3590610,1784305,3064718,3200170,1806305,-1280413,-135452,50.31,-71.76,-4.42,50707,26833,36783,42917,23874,-9950,-6134,47.08,-37.08,-16.68,1677590,323976,825286,986632,1353614,-501310,-161346,80.69,-154.74,-19.55,0.4672,0.1816,0.2693,0.30829999999999996,0.29,-0.09,-0.04
48,BPCL,299.75,304.65,307.4,312.15,-4.9,-2.75,-4.75,-1.63,-0.9,-1.55,2652669,2365616,3218419,3486803,287053,-852803,-268384,10.82,-36.05,-8.34,55481,51861,62229,62584,3620,-10368,-355,6.52,-19.99,-0.57,1425085,824116,1302455,1684095,600969,-478339,-381640,42.17,-58.04,-29.3,0.5372,0.34840000000000004,0.4047,0.483,0.19,-0.06,-0.08
49,BALRAMCHIN,351.6,357.9,362.95,360.4,-6.3,-5.05,2.55,-1.79,-1.41,0.7,1711953,1154723,1534461,1667005,557230,-379738,-132544,32.55,-32.89,-8.64,23871,21264,28448,26303,2607,-7184,2145,10.92,-33.78,7.54,329148,176660,210204,405492,152488,-33544,-195288,46.33,-18.99,-92.9,0.1923,0.153,0.13699999999999998,0.2432,0.04,0.02,-0.11
50,JUBLFOOD,600.2,615.75,618.95,639.2,-15.55,-3.2,-20.25,-2.59,-0.52,-3.27,3651280,1873278,4594258,5448177,1778002,-2720980,-853919,48.7,-145.25,-18.59,64849,50583,108172,135484,14266,-57589,-27312,22.0,-113.85,-25.25,1714246,566578,1687190,2638765,1147668,-1120612,-951575,66.95,-197.79,-56.4,0.46950000000000003,0.3025,0.36719999999999997,0.4843,0.17,-0.06,-0.12
51,AARTIIND,763.2,769.5,773.75,787.1,-6.3,-4.25,-13.35,-0.83,-0.55,-1.73,628119,822466,642343,1198823,-194347,180123,-556480,-30.94,21.9,-86.63,28180,31038,31658,42764,-2858,-620,-11106,-10.14,-2.0,-35.08,290217,268167,219811,395428,22050,48356,-175617,7.6,18.03,-79.89,0.462,0.3261,0.3422,0.3298,0.14,-0.02,0.01
52,ICICIGI,1135.05,1129.1,1144.9,1160.45,5.95,-15.8,-15.55,0.52,-1.4,-1.36,836099,1053052,1134702,1007667,-216953,-81650,127035,-25.95,-7.75,11.2,60470,118322,40708,61794,-57852,77614,-21086,-95.67,65.6,-51.8,576107,796960,872815,753241,-220853,-75855,119574,-38.34,-9.52,13.7,0.6890000000000001,0.7568000000000001,0.7692,0.7475,-0.07,-0.01,0.02
53,JKCEMENT,2490.0,2554.35,2569.25,2624.55,-64.35,-14.9,-55.3,-2.58,-0.58,-2.15,63244,46125,135422,53300,17119,-89297,82122,27.07,-193.6,60.64,7515,5265,10290,6707,2250,-5025,3583,29.94,-95.44,34.82,14078,5683,17584,16543,8395,-11901,1041,59.63,-209.41,5.92,0.22260000000000002,0.1232,0.1298,0.3104,0.1,-0.01,-0.18
54,MARUTI,8684.15,8862.4,8779.1,8703.0,-178.25,83.3,76.1,-2.05,0.94,0.87,422610,411218,428616,474445,11392,-17398,-45829,2.7,-4.23,-10.69,61935,56296,55955,70037,5639,341,-14082,9.1,0.61,-25.17,191963,152899,126437,228413,39064,26462,-101976,20.35,17.31,-80.65,0.45420000000000005,0.3718,0.295,0.4814,0.08,0.08,-0.19
55,IDFCFIRSTB,53.1,53.75,53.0,54.3,-0.65,0.75,-1.3,-1.22,1.4,-2.45,37879776,47420772,50888550,53896596,-9540996,-3467778,-3008046,-25.19,-7.31,-5.91,48655,55894,69410,91800,-7239,-13516,-22390,-14.88,-24.18,-32.26,8628528,9100247,12889575,18496572,-471719,-3789328,-5606997,-5.47,-41.64,-43.5,0.2278,0.19190000000000002,0.25329999999999997,0.3432,0.04,-0.06,-0.09
56,SBIN,527.4,530.75,530.2,537.3,-3.35,0.55,-7.1,-0.64,0.1,-1.34,10825440,9649292,11065307,9507322,1176148,-1416015,1557985,10.86,-14.67,14.08,159970,191653,185698,183101,-31683,5955,2597,-19.81,3.11,1.4,4518524,3588945,5018194,4430981,929579,-1429249,587213,20.57,-39.82,11.7,0.41740000000000005,0.3719,0.4535,0.4661,0.05,-0.08,-0.01
57,AMBUJACEM,500.2,522.65,521.8,506.9,-22.45,0.85,14.9,-4.49,0.16,2.86,7659702,12806265,9384553,9447220,-5146563,3421712,-62667,-67.19,26.72,-0.67,106794,174620,111185,131837,-67826,63435,-20652,-63.51,36.33,-18.57,2121558,3347565,2289318,2751962,-1226007,1058247,-462644,-57.79,31.61,-20.21,0.277,0.2614,0.2439,0.2913,0.02,0.02,-0.05
58,PERSISTENT,3541.9,3563.2,3489.25,3552.75,-21.3,73.95,-63.5,-0.6,2.08,-1.82,445522,376648,572966,1276258,68874,-196318,-703292,15.46,-52.12,-122.75,36791,38865,39275,93833,-2074,-410,-54558,-5.64,-1.05,-138.91,202718,150628,277920,405856,52090,-127292,-127936,25.7,-84.51,-46.03,0.455,0.39990000000000003,0.4851,0.318,0.06,-0.09,0.17
59,EXIDEIND,154.25,156.95,157.2,157.7,-2.7,-0.25,-0.5,-1.75,-0.16,-0.32,1129277,1682424,1987207,2254876,-553147,-304783,-267669,-48.98,-18.12,-13.47,13696,17660,23959,26978,-3964,-6299,-3019,-28.94,-35.67,-12.6,533602,642240,810545,993250,-108638,-168305,-182705,-20.36,-26.21,-22.54,0.47250000000000003,0.38170000000000004,0.4079,0.4405,0.09,-0.03,-0.03
60,GODREJCP,824.95,832.25,829.85,853.65,-7.3,2.4,-23.8,-0.88,0.29,-2.87,1143209,1486784,2774124,5466789,-343575,-1287340,-2692665,-30.05,-86.59,-97.06,41564,78842,89161,140328,-37278,-10319,-51167,-89.69,-13.09,-57.39,709567,662983,1641094,2735922,46584,-978111,-1094828,6.57,-147.53,-66.71,0.6207,0.4459,0.5916,0.5005,0.17,-0.15,0.09
61,INDHOTEL,330.35,337.15,341.35,341.6,-6.8,-4.2,-0.25,-2.06,-1.25,-0.07,4880130,4647522,8199762,5900933,232608,-3552240,2298829,4.77,-76.43,28.04,53091,54125,110484,104798,-1034,-56359,5686,-1.95,-104.13,5.15,2433814,1837922,3834690,2633152,595892,-1996768,1201538,24.48,-108.64,31.33,0.4987,0.39549999999999996,0.46770000000000006,0.4462,0.1,-0.07,0.02
62,VOLTAS,873.6,899.9,910.35,922.0,-26.3,-10.45,-11.65,-3.01,-1.16,-1.28,1747694,664753,475052,1403635,1082941,189701,-928583,61.96,28.54,-195.47,59556,17226,14758,47219,42330,2468,-32461,71.08,14.33,-219.96,1142378,313445,237710,884405,828933,75735,-646695,72.56,24.16,-272.05,0.6536,0.4715,0.5004,0.6301,0.18,-0.03,-0.13
63,INDIGO,1769.95,1775.55,1794.1,1816.3,-5.6,-18.55,-22.2,-0.32,-1.04,-1.24,629472,531321,1470158,684009,98151,-938837,786149,15.59,-176.7,53.47,38465,28663,56683,51525,9802,-28020,5158,25.48,-97.76,9.1,250581,202254,561232,332520,48327,-358978,228712,19.29,-177.49,40.75,0.3981,0.38070000000000004,0.38170000000000004,0.48610000000000003,0.02,-0.0,-0.1
64,BAJAJFINSV,1672.65,1684.4,1699.0,1710.55,-11.75,-14.6,-11.55,-0.7,-0.87,-0.68,1402150,1229639,1150275,1661891,172511,79364,-511616,12.3,6.45,-44.48,62376,58873,52651,83029,3503,6222,-30378,5.62,10.57,-57.7,439030,313142,401543,648464,125888,-88401,-246921,28.67,-28.23,-61.49,0.3131,0.2547,0.34909999999999997,0.39020000000000005,0.06,-0.09,-0.04
65,NAUKRI,3763.7,3815.75,3920.2,4009.4,-52.05,-104.45,-89.2,-1.38,-2.74,-2.28,310479,497538,256191,509478,-187059,241347,-253287,-60.25,48.51,-98.87,30824,50430,33244,37026,-19606,17186,-3782,-63.61,34.08,-11.38,110407,175248,126077,285604,-64841,49171,-159527,-58.73,28.06,-126.53,0.3556,0.3522,0.49210000000000004,0.5606,0.0,-0.14,-0.07
66,NAM-INDIA,266.7,270.55,270.85,272.25,-3.85,-0.3,-1.4,-1.44,-0.11,-0.52,314877,208490,124094,168646,106387,84396,-44552,33.79,40.48,-35.9,9666,7121,4541,5585,2545,2580,-1044,26.33,36.23,-22.99,149688,114287,69336,101474,35401,44951,-32138,23.65,39.33,-46.35,0.4754,0.5482,0.5587,0.6017,-0.07,-0.01,-0.04
67,ASHOKLEY,149.1,154.35,159.65,156.5,-5.25,-5.3,3.15,-3.52,-3.43,1.97,16638825,11670510,15326965,8705574,4968315,-3656455,6621391,29.86,-31.33,43.2,77826,62909,86426,55698,14917,-23517,30728,19.17,-37.38,35.55,7895764,3884758,7341390,3888303,4011006,-3456632,3453087,50.8,-88.98,47.04,0.47450000000000003,0.3329,0.479,0.4466,0.14,-0.15,0.03
68,GODREJPROP,1175.5,1218.85,1226.95,1230.4,-43.35,-8.1,-3.45,-3.69,-0.66,-0.28,545869,256184,386812,611141,289685,-130628,-224329,53.07,-50.99,-57.99,24910,13812,21520,31818,11098,-7708,-10298,44.55,-55.81,-47.85,189305,56293,105899,193933,133012,-49606,-88034,70.26,-88.12,-83.13,0.3468,0.2197,0.2738,0.3173,0.13,-0.05,-0.04
69,BERGEPAINT,617.65,622.75,625.9,615.45,-5.1,-3.15,10.45,-0.83,-0.51,1.67,1344168,586345,1344755,528536,757823,-758410,816219,56.38,-129.35,60.7,35274,19771,34900,21253,15503,-15129,13647,43.95,-76.52,39.1,317877,256985,591880,221139,60892,-334895,370741,19.16,-130.32,62.64,0.2365,0.43829999999999997,0.4401,0.41840000000000005,-0.2,-0.0,0.02
70,HDFCAMC,1905.55,1916.2,1917.4,1911.6,-10.65,-1.2,5.8,-0.56,-0.06,0.3,298319,227896,153781,195370,70423,74115,-41589,23.61,32.52,-27.04,13584,7740,5927,9255,5844,1813,-3328,43.02,23.42,-56.15,137765,144543,88300,115573,-6778,56243,-27273,-4.92,38.91,-30.89,0.4618,0.6342,0.5742,0.5916,-0.17,0.06,-0.02
71,CHAMBLFERT,320.0,318.55,320.6,321.65,1.45,-2.05,-1.05,0.45,-0.64,-0.33,1218459,833808,1307898,2528434,384651,-474090,-1220536,31.57,-56.86,-93.32,15537,20495,22504,38407,-4958,-2009,-15903,-31.91,-9.8,-70.67,448521,319630,533819,1069618,128891,-214189,-535799,28.74,-67.01,-100.37,0.36810000000000004,0.3833,0.4082,0.423,-0.02,-0.02,-0.01
72,HDFCLIFE,522.55,533.2,526.85,529.65,-10.65,6.35,-2.8,-2.04,1.19,-0.53,2358152,2979552,2762228,3033739,-621400,217324,-271511,-26.35,7.29,-9.83,62104,62041,46018,79524,63,16023,-33506,0.1,25.83,-72.81,1409030,1762069,1751540,1980078,-353039,10529,-228538,-25.06,0.6,-13.05,0.5975,0.5914,0.6341,0.6527,0.01,-0.04,-0.02
73,L&TFH,75.0,76.8,77.95,78.1,-1.8,-1.15,-0.15,-2.4,-1.5,-0.19,3505597,2914963,3202301,6431785,590634,-287338,-3229484,16.85,-9.86,-100.85,11656,12039,11466,19441,-383,573,-7975,-3.29,4.76,-69.55,973101,536953,464294,1468909,436148,72659,-1004615,44.82,13.53,-216.37,0.2776,0.18420000000000003,0.145,0.2284,0.09,0.04,-0.08
74,AXISBANK,785.55,776.85,755.7,755.1,8.7,21.15,0.6,1.11,2.72,0.08,15953495,14106654,7500540,9376433,1846841,6606114,-1875893,11.58,46.83,-25.01,257378,201360,136248,231061,56018,65112,-94813,21.76,32.34,-69.59,8916019,8697279,4733407,6482040,218740,3963872,-1748633,2.45,45.58,-36.94,0.5589000000000001,0.6165,0.6311,0.6912999999999999,-0.06,-0.01,-0.06
75,,,,,,,,,,,,,,,,,,,,,,,,,,,,,,,,,,,,,,,,,,,,,,,,
76,MPHASIS,2093.8,2126.5,2118.45,2122.05,-32.7,8.05,-3.6,-1.56,0.38,-0.17,601969,329230,449791,1035068,272739,-120561,-585277,45.31,-36.62,-130.12,23457,18910,34568,42750,4547,-15658,-8182,19.38,-82.8,-23.67,340020,150678,209612,635456,189342,-58934,-425844,55.69,-39.11,-203.16,0.5648,0.45770000000000005,0.466,0.6139,0.11,-0.01,-0.15
77,NMDC,130.85,136.25,134.85,132.9,-5.4,1.4,1.95,-4.13,1.03,1.45,7855978,6788964,7198173,7927842,1067014,-409209,-729669,13.58,-6.03,-10.14,36030,31783,28823,32306,4247,2960,-3483,11.79,9.31,-12.08,2744877,2459351,2881381,2776363,285526,-422030,105018,10.4,-17.16,3.64,0.3494,0.36229999999999996,0.40030000000000004,0.3502,-0.01,-0.04,0.05
78,OBEROIRLTY,894.55,931.35,942.05,946.0,-36.8,-10.7,-3.95,-4.11,-1.15,-0.42,1032483,485677,648972,741635,546806,-163295,-92663,52.96,-33.62,-14.28,32251,15554,19752,23446,16697,-4198,-3694,51.77,-26.99,-18.7,548684,298489,292453,284836,250195,6036,7617,45.6,2.02,2.6,0.5314,0.6146,0.45060000000000006,0.3841,-0.08,0.16,0.07
79,BAJAJ-AUTO,3528.75,3616.95,3603.55,3594.65,-88.2,13.4,8.9,-2.5,0.37,0.25,258827,240975,591544,353529,17852,-350569,238015,6.9,-145.48,40.24,30216,29315,38268,41203,901,-8953,-2935,2.98,-30.54,-7.67,128336,119562,259219,221225,8774,-139657,37994,6.84,-116.81,14.66,0.4958,0.4962,0.43820000000000003,0.6258,-0.0,0.06,-0.19
80,CONCOR,691.05,689.95,698.7,710.0,1.1,-8.75,-11.3,0.16,-1.27,-1.62,2074615,700631,827197,1029933,1373984,-126566,-202736,66.23,-18.06,-24.51,51481,33938,19114,43977,17543,14824,-24863,34.08,43.68,-130.08,780022,338368,445142,686936,441654,-106774,-241794,56.62,-31.56,-54.32,0.376,0.4829,0.5381,0.667,-0.11,-0.06,-0.13
81,ICICIPRULI,508.8,515.6,522.6,521.65,-6.8,-7.0,0.95,-1.34,-1.36,0.18,585165,749885,1832202,1122254,-164720,-1082317,709948,-28.15,-144.33,38.75,15583,27199,21839,26968,-11616,5360,-5129,-74.54,19.71,-23.49,299910,379188,1110342,704499,-79278,-731154,405843,-26.43,-192.82,36.55,0.5125,0.5057,0.606,0.6278,0.01,-0.1,-0.02
82,HINDUNILVR,2550.65,2605.6,2599.7,2614.0,-54.95,5.9,-14.3,-2.15,0.23,-0.55,1129783,1043728,1025923,1752351,86055,17805,-726428,7.62,1.71,-70.81,95198,77421,81702,157969,17777,-4281,-76267,18.67,-5.53,-93.35,732508,601607,535168,1065422,130901,66439,-530254,17.87,11.04,-99.08,0.6484000000000001,0.5764,0.5216,0.608,0.07,0.05,-0.09
83,TVSMOTOR,1055.2,1066.65,1084.85,1074.8,-11.45,-18.2,10.05,-1.09,-1.71,0.93,928746,1019624,1271663,2710620,-90878,-252039,-1438957,-9.79,-24.72,-113.16,37628,34460,47748,129218,3168,-13288,-81470,8.42,-38.56,-170.62,336016,484887,332236,1380484,-148871,152651,-1048248,-44.3,31.48,-315.51,0.3618,0.4756,0.2613,0.5093,-0.11,0.21,-0.25
84,SRTRANSFIN,1173.85,1177.75,1199.1,1197.75,-3.9,-21.35,1.35,-0.33,-1.81,0.11,417276,605273,1009563,857102,-187997,-404290,152461,-45.05,-66.79,15.1,15491,37543,40607,35418,-22052,-3064,5189,-142.35,-8.16,12.78,118177,269493,536470,478912,-151316,-266977,57558,-128.04,-99.07,10.73,0.2832,0.44520000000000004,0.5314,0.5588000000000001,-0.16,-0.09,-0.03
85,JSWSTEEL,642.75,666.0,666.05,674.45,-23.25,-0.05,-8.4,-3.62,-0.01,-1.26,1644047,1089870,1601796,3704140,554177,-511926,-2102344,33.71,-46.97,-131.25,44346,31607,39129,74085,12739,-7522,-34956,28.73,-23.8,-89.34,470501,172282,317161,741895,298219,-144879,-424734,63.38,-84.09,-133.92,0.2862,0.15810000000000002,0.198,0.2003,0.13,-0.04,-0.0
86,NESTLEIND,18449.95,19119.05,19321.0,19300.15,-669.1,-201.95,20.85,-3.63,-1.06,0.11,54926,34619,39613,67036,20307,-4994,-27423,36.97,-14.43,-69.23,17825,12395,12301,20607,5430,94,-8306,30.46,0.76,-67.52,31873,21869,23310,45089,10004,-1441,-21779,31.39,-6.59,-93.43,0.5803,0.6317,0.5884,0.6726000000000001,-0.05,0.04,-0.08
87,MANAPPURAM,99.2,101.55,102.2,100.9,-2.35,-0.65,1.3,-2.37,-0.64,1.27,3324397,2867150,4362455,4247623,457247,-1495305,114832,13.75,-52.15,2.63,23424,18582,23881,24062,4842,-5299,-181,20.67,-28.52,-0.76,1272878,829323,1269486,1478508,443555,-440163,-209022,34.85,-53.07,-16.47,0.3829,0.2892,0.29100000000000004,0.3481,0.09,-0.0,-0.06
88,HINDCOPPER,107.85,110.45,111.3,110.95,-2.6,-0.85,0.35,-2.41,-0.77,0.31,1290218,1347444,1820936,2232014,-57226,-473492,-411078,-4.44,-35.14,-22.58,8519,7402,13832,11582,1117,-6430,2250,13.11,-86.87,16.27,349694,388367,464196,594816,-38673,-75829,-130620,-11.06,-19.53,-28.14,0.271,0.2882,0.2549,0.2665,-0.02,0.03,-0.01
89,GUJGASLTD,476.6,490.95,485.85,495.9,-14.35,5.1,-10.05,-3.01,1.04,-2.07,649722,868669,1183270,816166,-218947,-314601,367104,-33.7,-36.22,31.02,13803,18516,23022,21601,-4713,-4506,1421,-34.14,-24.34,6.17,272595,181520,307804,315885,91075,-126284,-8081,33.41,-69.57,-2.63,0.41960000000000003,0.209,0.2601,0.387,0.21,-0.05,-0.13
90,BAJFINANCE,7202.8,7293.4,7345.15,7404.15,-90.6,-51.75,-59.0,-1.26,-0.71,-0.8,732206,653113,991196,1510060,79093,-338083,-518864,10.8,-51.76,-52.35,74513,63773,119517,138158,10740,-55744,-18641,14.41,-87.41,-15.6,239519,139108,369481,561253,100411,-230373,-191772,41.92,-165.61,-51.9,0.3271,0.21300000000000002,0.3728,0.37170000000000003,0.11,-0.16,0.0
91,PFC,102.65,104.25,104.95,105.65,-1.6,-0.7,-0.7,-1.56,-0.67,-0.67,4066390,3625277,3172126,7270940,441113,453151,-4098814,10.85,12.5,-129.21,22195,16891,16003,68836,5304,888,-52833,23.9,5.26,-330.14,2771203,2052142,1529665,4505621,719061,522477,-2975956,25.95,25.46,-194.55,0.6815000000000001,0.5661,0.4822,0.6197,0.12,0.08,-0.14
92,PIIND,2964.5,2984.5,3055.15,3067.65,-20.0,-70.65,-12.5,-0.67,-2.37,-0.41,163241,146853,138221,184761,16388,8632,-46540,10.04,5.88,-33.67,21275,20889,18328,31976,386,2561,-13648,1.81,12.26,-74.47,82275,83057,67987,105551,-782,15070,-37564,-0.95,18.14,-55.25,0.504,0.5656,0.4919,0.5713,-0.06,0.07,-0.08
93,DABUR,518.95,529.1,540.15,546.4,-10.15,-11.05,-6.25,-1.96,-2.09,-1.16,6628877,3601832,3803118,2675443,3027045,-201286,1127675,45.66,-5.59,29.65,87705,95070,56322,50935,-7365,38748,5387,-8.4,40.76,9.56,5744921,2714363,2578345,1795428,3030558,136018,782917,52.75,5.01,30.37,0.8667,0.7536,0.6779999999999999,0.6711,0.11,0.08,0.01
94,COLPAL,1537.2,1582.95,1581.2,1571.35,-45.75,1.75,9.85,-2.98,0.11,0.62,244141,152612,346498,276218,91529,-193886,70280,37.49,-127.05,20.28,17087,14234,21052,22344,2853,-6818,-1292,16.7,-47.9,-6.14,151442,81429,187944,156451,70013,-106515,31493,46.23,-130.81,16.76,0.6203000000000001,0.5336,0.5424,0.5664,0.09,-0.01,-0.02
95,HEROMOTOCO,2548.15,2570.5,2624.95,2646.1,-22.35,-54.45,-21.15,-0.88,-2.12,-0.81,407068,1076512,1065099,463669,-669444,11413,601430,-164.46,1.06,56.47,36459,71675,68311,62477,-35216,3364,5834,-96.59,4.69,8.54,196246,581129,171566,251948,-384883,409563,-80382,-196.12,70.48,-46.85,0.48210000000000003,0.5398,0.1611,0.5434,-0.06,0.38,-0.38
96,HDFCBANK,1400.65,1415.0,1430.8,1437.0,-14.35,-15.8,-6.2,-1.02,-1.12,-0.43,7260810,6554651,6648997,6274599,706159,-94346,374398,9.73,-1.44,5.63,134054,215487,160989,170441,-81433,54498,-9452,-60.75,25.29,-5.87,5147322,4189926,4865856,4251575,957396,-675930,614281,18.6,-16.13,12.62,0.7089,0.6392,0.7318000000000001,0.6776000000000001,0.07,-0.09,0.05
97,LUPIN,680.95,707.2,721.2,723.2,-26.25,-14.0,-2.0,-3.85,-1.98,-0.28,1687438,862977,1521206,2058528,824461,-658229,-537322,48.86,-76.27,-35.32,33311,23473,32143,41212,9838,-8670,-9069,29.53,-36.94,-28.21,673587,211475,421415,791520,462112,-209940,-370105,68.6,-99.27,-87.82,0.3992,0.2451,0.277,0.38450000000000006,0.15,-0.03,-0.11
98,GAIL,86.2,89.2,86.85,87.55,-3.0,2.35,-0.7,-3.48,2.63,-0.81,13259938,11158338,12478992,10663228,2101600,-1320654,1815764,15.85,-11.84,14.55,53488,54739,45087,46167,-1251,9652,-1080,-2.34,17.63,-2.4,7043551,4731841,8015144,6816520,2311710,-3283303,1198624,32.82,-69.39,14.95,0.5312,0.4241,0.6423000000000001,0.6393,0.11,-0.22,0.0
99,BANDHANBNK,263.6,267.4,274.9,274.05,-3.8,-7.5,0.85,-1.44,-2.8,0.31,3554737,7044853,4651265,5278284,-3490116,2393588,-627019,-98.18,33.98,-13.48,34467,62205,50604,48631,-27738,11601,1973,-80.48,18.65,3.9,1228940,1799429,2121071,2475837,-570489,-321642,-354766,-46.42,-17.87,-16.73,0.3457,0.2554,0.456,0.46909999999999996,0.09,-0.2,-0.01
100,MARICO,506.85,514.85,521.3,525.1,-8.0,-6.45,-3.8,-1.58,-1.25,-0.73,1484169,644597,1761023,1156219,839572,-1116426,604804,56.57,-173.2,34.34,37829,21270,42200,40576,16559,-20930,1624,43.77,-98.4,3.85,942985,265774,945920,622545,677211,-680146,323375,71.82,-255.91,34.19,0.6354,0.4123,0.5371,0.5384000000000001,0.22,-0.12,-0.0
101,SUNPHARMA,944.75,946.05,955.15,953.9,-1.3,-9.1,1.25,-0.14,-0.96,0.13,2426935,1683827,1762328,3449485,743108,-78501,-1687157,30.62,-4.66,-95.73,70248,71090,58845,115754,-842,12245,-56909,-1.2,17.22,-96.71,1652713,867946,884134,2272188,784767,-16188,-1388054,47.48,-1.87,-157.0,0.6809999999999999,0.5155,0.5017,0.6587000000000001,0.17,0.01,-0.16
102,,,,,,,,,,,,,,,,,,,,,,,,,,,,,,,,,,,,,,,,,,,,,,,,
103,HINDPETRO,210.2,214.9,218.55,221.6,-4.7,-3.65,-3.05,-2.24,-1.7,-1.4,3696950,2246926,3824912,4301213,1450024,-1577986,-476301,39.22,-70.23,-12.45,42388,42358,33714,53241,30,8644,-19527,0.07,20.41,-57.92,1933415,1160920,2073380,2597179,772495,-912460,-523799,39.95,-78.6,-25.26,0.523,0.5167,0.5421,0.6038,0.01,-0.03,-0.06
104,EICHERMOT,3408.0,3531.6,3498.55,3531.35,-123.6,33.05,-32.8,-3.63,0.94,-0.94,661794,412736,458833,530684,249058,-46097,-71851,37.63,-11.17,-15.66,60141,38638,45391,60777,21503,-6753,-15386,35.75,-17.48,-33.9,253887,107395,151916,233539,146492,-44521,-81623,57.7,-41.46,-53.73,0.3836,0.2602,0.3311,0.4401,0.12,-0.07,-0.11
105,PIDILITIND,2612.0,2645.45,2662.6,2661.95,-33.45,-17.15,0.65,-1.28,-0.65,0.02,230529,203431,315243,297428,27098,-111812,17815,11.75,-54.96,5.65,27863,26847,35083,33131,1016,-8236,1952,3.65,-30.68,5.56,116257,86151,154537,170062,30106,-68386,-15525,25.9,-79.38,-10.05,0.5043,0.42350000000000004,0.4902,0.5718,0.08,-0.07,-0.08
106,AUROPHARMA,510.35,535.45,539.9,542.5,-25.1,-4.45,-2.6,-4.92,-0.83,-0.48,1787991,500692,620743,1519683,1287299,-120051,-898940,72.0,-23.98,-144.82,40487,18295,21491,39977,22192,-3196,-18486,54.81,-17.47,-86.02,551874,134408,259407,781348,417466,-124999,-521941,75.65,-93.0,-201.21,0.30870000000000003,0.2684,0.4179,0.5142,0.04,-0.15,-0.1
107,TATAPOWER,217.15,220.35,222.5,221.7,-3.2,-2.15,0.8,-1.47,-0.98,0.36,9006207,9516511,11098716,10571565,-510304,-1582205,527151,-5.67,-16.63,4.75,76479,78755,78841,100251,-2276,-86,-21410,-2.98,-0.11,-27.16,2829170,2008891,3711245,3469224,820279,-1702354,242021,28.99,-84.74,6.52,0.3141,0.2111,0.3344,0.3282,0.1,-0.12,0.01
108,ONGC,131.1,133.25,134.05,132.65,-2.15,-0.8,1.4,-1.64,-0.6,1.04,13176461,10183057,13532236,14570735,2993404,-3349179,-1038499,22.72,-32.89,-7.67,66082,50759,63473,83007,15323,-12714,-19534,23.19,-25.05,-30.78,4169485,4670354,5916006,4903002,-500869,-1245652,1013004,-12.01,-26.67,17.12,0.3164,0.4586,0.4372,0.33649999999999997,-0.14,0.02,0.1
109,BRITANNIA,3727.9,3797.85,3785.65,3767.55,-69.95,12.2,18.1,-1.88,0.32,0.48,202644,185199,318472,308216,17445,-133273,10256,8.61,-71.96,3.22,21779,22361,24898,46867,-582,-2537,-21969,-2.67,-11.35,-88.24,118939,108465,216795,184892,10474,-108330,31903,8.81,-99.88,14.72,0.5869,0.5857,0.6807,0.5999,0.0,-0.09,0.08
110,MCDOWELL-N,815.6,857.95,874.45,864.8,-42.35,-16.5,9.65,-5.19,-1.92,1.1,2367997,1030110,2177648,1926301,1337887,-1147538,251347,56.5,-111.4,11.54,78108,51011,74995,63216,27097,-23984,11779,34.69,-47.02,15.71,1051183,410669,734366,811563,640514,-323697,-77197,60.93,-78.82,-10.51,0.4439,0.3987,0.3372,0.4213,0.05,0.06,-0.08
111,APOLLOHOSP,4275.55,4340.6,4394.1,4390.5,-65.05,-53.5,3.6,-1.52,-1.23,0.08,258216,207878,501530,272050,50338,-293652,229480,19.49,-141.26,45.76,29037,24409,34029,31764,4628,-9620,2265,15.94,-39.41,6.66,106718,38732,298387,110811,67986,-259655,187576,63.71,-670.39,62.86,0.4133,0.1863,0.595,0.4073,0.23,-0.41,0.19
112,CROMPTON,380.85,390.75,397.85,399.9,-9.9,-7.1,-2.05,-2.6,-1.82,-0.52,1007889,775788,806221,894686,232101,-30433,-88465,23.03,-3.92,-10.97,21435,33085,20133,22933,-11650,12952,-2800,-54.35,39.15,-13.91,436467,353455,346602,435656,83012,6853,-89054,19.02,1.94,-25.69,0.43310000000000004,0.4556,0.4299,0.4869,-0.02,0.03,-0.06
113,TATACHEM,1164.35,1199.65,1181.8,1147.85,-35.3,17.85,33.95,-3.03,1.49,2.87,2871961,5201365,4737463,2074065,-2329404,463902,2663398,-81.11,8.92,56.22,74849,139810,117943,53704,-64961,21867,64239,-86.79,15.64,54.47,851630,1235664,1220896,853330,-384034,14768,367566,-45.09,1.2,30.11,0.2965,0.23760000000000003,0.2577,0.4114,0.06,-0.02,-0.15
114,DIVISLAB,3502.2,3686.6,3735.75,3733.0,-184.4,-49.15,2.75,-5.27,-1.33,0.07,1492286,290753,222557,354601,1201533,68196,-132044,80.52,23.45,-59.33,132162,35928,26055,42481,96234,9873,-16426,72.82,27.48,-63.04,719203,139289,100959,168528,579914,38330,-67569,80.63,27.52,-66.93,0.4819,0.47909999999999997,0.4536,0.4753,0.0,0.03,-0.02
115,MUTHOOTFIN,1027.3,1052.5,1058.4,1043.95,-25.2,-5.9,14.45,-2.45,-0.56,1.37,608515,589159,387703,959379,19356,201456,-571676,3.18,34.19,-147.45,26672,31835,18672,34723,-5163,13163,-16051,-19.36,41.35,-85.96,340849,165231,117273,332654,175618,47958,-215381,51.52,29.02,-183.66,0.5601,0.2805,0.3025,0.3467,0.28,-0.02,-0.04
116,TATASTEEL,100.35,103.2,103.3,103.55,-2.85,-0.1,-0.25,-2.84,-0.1,-0.24,41083734,36641275,36080875,48169310,4442459,560400,-12088435,10.81,1.53,-33.5,171088,153885,153167,203945,17203,718,-50778,10.06,0.47,-33.15,13262993,9046238,8564793,13888550,4216755,481445,-5323757,31.79,5.32,-62.16,0.32280000000000003,0.2469,0.2374,0.2883,0.08,0.01,-0.05
117,FEDERALBNK,122.4,121.35,122.85,120.85,1.05,-1.5,2.0,0.86,-1.24,1.63,15549812,8985222,15447242,9762115,6564590,-6462020,5685127,42.22,-71.92,36.8,57448,28864,45940,35060,28584,-17076,10880,49.76,-59.16,23.68,5087278,2802823,6449870,3658603,2284455,-3647047,2791267,44.91,-130.12,43.28,0.3272,0.3119,0.4175,0.37479999999999997,0.02,-0.11,0.04
118,MRF,81081.05,82302.1,82769.65,82440.15,-1221.05,-467.55,329.5,-1.51,-0.57,0.4,10869,8792,8103,10841,2077,689,-2738,19.11,7.84,-33.79,6017,5106,4774,6670,911,332,-1896,15.14,6.5,-39.72,3160,822,698,2293,2338,124,-1595,73.99,15.09,-228.51,0.2907,0.0935,0.0861,0.2115,0.2,0.01,-0.13
119,PETRONET,198.75,202.75,205.75,204.3,-4.0,-3.0,1.45,-2.01,-1.48,0.7,1409035,1056877,1553411,2842769,352158,-496534,-1289358,24.99,-46.98,-83.0,14009,22292,32519,28066,-8283,-10227,4453,-59.13,-45.88,13.69,927017,511482,940773,1676430,415535,-429291,-735657,44.82,-83.93,-78.2,0.6579,0.484,0.6056,0.5897,0.17,-0.12,0.02
120,MCX,1303.55,1322.65,1330.9,1315.75,-19.1,-8.25,15.15,-1.47,-0.62,1.14,143912,285539,444063,570726,-141627,-158524,-126663,-98.41,-55.52,-28.52,17813,25669,26812,30073,-7856,-1143,-3261,-44.1,-4.45,-12.16,53502,160465,205800,254687,-106963,-45335,-48887,-199.92,-28.25,-23.75,0.3718,0.562,0.46340000000000003,0.44630000000000003,-0.19,0.1,0.02
121,MGL,781.8,806.85,819.15,827.55,-25.05,-12.3,-8.4,-3.2,-1.52,-1.03,450932,222756,349269,433502,228176,-126513,-84233,50.6,-56.79,-24.12,22797,10479,22922,34950,12318,-12443,-12028,54.03,-118.74,-52.47,216782,77191,119786,171416,139591,-42595,-51630,64.39,-55.18,-43.1,0.4807,0.3465,0.34299999999999997,0.3954,0.13,0.0,-0.05
122,ITC,326.3,327.85,334.1,336.65,-1.55,-6.25,-2.55,-0.48,-1.91,-0.76,10609956,9388996,10506078,22235092,1220960,-1117082,-11729014,11.51,-11.9,-111.64,141982,134866,115865,155672,7116,19001,-39807,5.01,14.09,-34.36,6828001,5490519,7085146,16811239,1337482,-1594627,-9726093,19.59,-29.04,-137.27,0.6435,0.5848,0.6744,0.7561,0.06,-0.09,-0.08
123,M&M,1229.55,1243.0,1238.85,1256.9,-13.45,4.15,-18.05,-1.09,0.33,-1.46,1569478,2230590,3501889,3531469,-661112,-1271299,-29580,-42.12,-56.99,-0.84,112840,132666,155043,157474,-19826,-22377,-2431,-17.57,-16.87,-1.57,809327,1203015,2471332,2295913,-393688,-1268317,175419,-48.64,-105.43,7.1,0.5157,0.5393,0.7057,0.6501,-0.02,-0.17,0.06
124,HDFC,2271.25,2298.5,2326.9,2316.1,-27.25,-28.4,10.8,-1.2,-1.24,0.46,2703737,1774667,1942133,3642541,929070,-167466,-1700408,34.36,-9.44,-87.55,132344,85211,73691,132178,47133,11520,-58487,35.61,13.52,-79.37,1925005,1044170,1244676,2698707,880835,-200506,-1454031,45.76,-19.2,-116.82,0.7120000000000001,0.5884,0.6409,0.7409,0.12,-0.05,-0.1
125,CUMMINSIND,1200.3,1224.7,1238.75,1229.1,-24.4,-14.05,9.65,-2.03,-1.15,0.78,245949,724263,711813,444453,-478314,12450,267360,-194.48,1.72,37.56,18004,40825,30502,20775,-22821,10323,9727,-126.76,25.29,31.89,102980,343109,485501,255359,-240129,-142392,230142,-233.18,-41.5,47.4,0.41869999999999996,0.4737,0.6820999999999999,0.5745,-0.06,-0.21,0.11
126,MINDTREE,3310.4,3348.0,3277.0,3302.45,-37.6,71.0,-25.45,-1.14,2.12,-0.78,1178975,675466,417784,552995,503509,257682,-135211,42.71,38.15,-32.36,62706,45931,30299,43439,16775,15632,-13140,26.75,34.03,-43.37,355960,199161,89027,181665,156799,110134,-92638,44.05,55.3,-104.06,0.3019,0.2948,0.21309999999999998,0.3285,0.01,0.08,-0.12
127,IOC,65.95,67.55,67.45,67.75,-1.6,0.1,-0.3,-2.43,0.15,-0.44,14905741,9042660,14879891,13000167,5863081,-5837231,1879724,39.33,-64.55,12.63,61376,38174,50623,41980,23202,-12449,8643,37.8,-32.61,17.07,9139741,4973950,8729302,7431520,4165791,-3755352,1297782,45.58,-75.5,14.87,0.6132,0.5501,0.5867,0.5716,0.06,-0.04,0.02
128,ADANIPORTS,797.35,808.1,816.9,824.1,-10.75,-8.8,-7.2,-1.35,-1.09,-0.88,6193388,4642360,6086925,6175752,1551028,-1444565,-88827,25.04,-31.12,-1.46,92516,79505,92399,103078,13011,-12894,-10679,14.06,-16.22,-11.56,1304344,997903,1152250,1310756,306441,-154347,-158506,23.49,-15.47,-13.76,0.21059999999999998,0.215,0.1893,0.2122,-0.0,0.03,-0.02
129,APOLLOTYRE,267.3,270.45,271.15,272.55,-3.15,-0.7,-1.4,-1.18,-0.26,-0.52,3333782,1722106,1554031,2918428,1611676,168075,-1364397,48.34,9.76,-87.8,42196,18904,18609,27474,23292,295,-8865,55.2,1.56,-47.64,749011,200502,318615,576623,548509,-118113,-258008,73.23,-58.91,-80.98,0.22469999999999998,0.1164,0.20500000000000002,0.19760000000000003,0.11,-0.09,0.01
130,SYNGENE,564.9,561.45,564.1,568.55,3.45,-2.65,-4.45,0.61,-0.47,-0.79,901869,162581,419195,150783,739288,-256614,268412,81.97,-157.84,64.03,14603,6338,5711,4256,8265,627,1455,56.6,9.89,25.48,705662,61600,312824,54157,644062,-251224,258667,91.27,-407.83,82.69,0.7824,0.3789,0.7462000000000001,0.3592,0.4,-0.37,0.39
131,BSOFT,281.7,289.1,293.65,295.15,-7.4,-4.55,-1.5,-2.63,-1.57,-0.51,2868007,4479425,933206,2089120,-1611418,3546219,-1155914,-56.19,79.17,-123.86,38648,48564,13536,24880,-9916,35028,-11344,-25.66,72.13,-83.81,694850,1769434,252633,597950,-1074584,1516801,-345317,-154.65,85.72,-136.69,0.24230000000000002,0.395,0.2707,0.2862,-0.15,0.12,-0.02
132,PEL,806.25,822.85,845.1,857.75,-16.6,-22.25,-12.65,-2.06,-2.7,-1.5,1043961,1076035,869421,775251,-32074,206614,94170,-3.07,19.2,10.83,39351,42427,34850,24853,-3076,7577,9997,-7.82,17.86,28.69,457898,403967,361770,283726,53931,42197,78044,11.78,10.45,21.57,0.4386,0.3754,0.4161,0.36600000000000005,0.06,-0.04,0.05
133,IGL,367.35,375.95,384.3,384.3,-8.6,-8.35,0.0,-2.34,-2.22,0.0,1556920,2291315,2900091,1894115,-734395,-608776,1005976,-47.17,-26.57,34.69,41964,43181,58553,42028,-1217,-15372,16525,-2.9,-35.6,28.22,596489,759975,1440955,834028,-163486,-680980,606927,-27.41,-89.61,42.12,0.38310000000000005,0.33170000000000005,0.4969,0.4403,0.05,-0.17,0.06
134,,,,,,,,,,,,,,,,,,,,,,,,,,,,,,,,,,,,,,,,,,,,,,,,
135,ASTRAL,2175.0,2199.9,2266.0,2249.9,-24.9,-66.1,16.1,-1.14,-3.0,0.71,481935,391080,328957,420464,90855,62123,-91507,18.85,15.88,-27.82,33633,35273,29642,31799,-1640,5631,-2157,-4.88,15.96,-7.28,173643,168709,98929,189345,4934,69780,-90416,2.84,41.36,-91.39,0.3603,0.4314,0.3007,0.45030000000000003,-0.07,0.13,-0.15
136,ICICIBANK,870.6,881.75,882.55,885.45,-11.15,-0.8,-2.9,-1.28,-0.09,-0.33,11130051,7357588,9705750,12116698,3772463,-2348162,-2410948,33.89,-31.91,-24.84,161261,138552,152298,231402,22709,-13746,-79104,14.08,-9.92,-51.94,7571458,4241871,6945671,7422223,3329587,-2703800,-476552,43.98,-63.74,-6.86,0.6803,0.5765,0.7156,0.6126,0.1,-0.14,0.1
137,BIOCON,268.75,277.4,282.85,291.2,-8.65,-5.45,-8.35,-3.22,-1.96,-2.95,2615823,1970884,4811153,2959566,644939,-2840269,1851587,24.66,-144.11,38.49,39248,37370,74056,50878,1878,-36686,23178,4.78,-98.17,31.3,1090824,828752,2126239,1544335,262072,-1297487,581904,24.03,-156.56,27.37,0.41700000000000004,0.4205,0.44189999999999996,0.5218,-0.0,-0.02,-0.08
138,BHARTIARTL,780.3,792.35,793.1,788.6,-12.05,-0.75,4.5,-1.54,-0.09,0.57,3699862,3519416,6025982,6503205,180446,-2506566,-477223,4.88,-71.22,-7.92,88508,134567,147645,212922,-46059,-13078,-65277,-52.04,-9.72,-44.21,2047994,2247568,3450446,3896754,-199574,-1202878,-446308,-9.74,-53.52,-12.93,0.5535,0.6386000000000001,0.5726,0.5992000000000001,-0.09,0.07,-0.03
139,ZEEL,272.65,278.6,281.8,279.95,-5.95,-3.2,1.85,-2.18,-1.15,0.66,11457350,10302781,14658804,53214447,1154569,-4356023,-38555643,10.08,-42.28,-263.02,57369,51855,82284,257834,5514,-30429,-175550,9.61,-58.68,-213.35,4896818,2300235,2841337,12292745,2596583,-541102,-9451408,53.03,-23.52,-332.64,0.4274,0.2233,0.1938,0.231,0.2,0.03,-0.04
140,GSPL,218.8,220.7,225.75,225.05,-1.9,-5.05,0.7,-0.87,-2.29,0.31,663944,616542,1218657,1690955,47402,-602115,-472298,7.14,-97.66,-38.76,10483,11794,14105,15369,-1311,-2311,-1264,-12.51,-19.59,-8.96,325748,253167,733819,1109840,72581,-480652,-376021,22.28,-189.86,-51.24,0.49060000000000004,0.4106,0.6022,0.6563,0.08,-0.19,-0.05
141,GNFC,651.8,666.7,668.0,670.65,-14.9,-1.3,-2.65,-2.29,-0.19,-0.4,1494395,881460,1118221,1478951,612935,-236761,-360730,41.02,-26.86,-32.26,34443,16720,37707,32477,17723,-20987,5230,51.46,-125.52,13.87,532935,289042,333981,314147,243893,-44939,19834,45.76,-15.55,5.94,0.3566,0.3279,0.2987,0.21239999999999998,0.03,0.03,0.09
142,TORNTPOWER,480.5,491.35,490.85,502.5,-10.85,0.5,-11.65,-2.26,0.1,-2.37,212229,380492,340421,269751,-168263,40071,70670,-79.28,10.53,20.76,8030,7721,11650,7707,309,-3929,3943,3.85,-50.89,33.85,84184,176325,142470,72429,-92141,33855,70041,-109.45,19.2,49.16,0.39670000000000005,0.46340000000000003,0.41850000000000004,0.2685,-0.07,0.04,0.15
143,,,,,,,,,,,,,,,,,,,,,,,,,,,,,,,,,,,,,,,,,,,,,,,,
144,ADANIENT,3273.95,3246.25,3277.6,3285.0,27.7,-31.35,-7.4,0.85,-0.97,-0.23,2544394,1590792,1930275,2845165,953602,-339483,-914890,37.48,-21.34,-47.4,98321,64438,65403,106184,33883,-965,-40781,34.46,-1.5,-62.35,596048,325060,342833,488239,270988,-17773,-145406,45.46,-5.47,-42.41,0.2343,0.2043,0.1776,0.1716,0.03,0.03,0.01
145,ABBOTINDIA,18563.65,18821.0,19056.0,19134.95,-257.35,-235.0,-78.95,-1.39,-1.25,-0.41,11468,11938,20177,18011,-470,-8239,2166,-4.1,-69.01,10.73,3093,3697,4120,4754,-604,-423,-634,-19.53,-11.44,-15.39,6118,5261,11830,9645,857,-6569,2185,14.01,-124.86,18.47,0.5335,0.44070000000000004,0.5863,0.5355,0.09,-0.15,0.05
146,SRF,2501.7,2540.9,2560.4,2575.05,-39.2,-19.5,-14.65,-1.57,-0.77,-0.57,477697,305852,477073,656151,171845,-171221,-179078,35.97,-55.98,-37.54,39375,32189,52523,69130,7186,-20334,-16607,18.25,-63.17,-31.62,221183,106911,117932,266881,114272,-11021,-148949,51.66,-10.31,-126.3,0.46299999999999997,0.3496,0.2472,0.4067,0.11,0.1,-0.16
147,LT,1878.95,1909.65,1924.55,1912.95,-30.7,-14.9,11.6,-1.63,-0.78,0.6,1047963,1656954,1469264,2771898,-608991,187690,-1302634,-58.11,11.33,-88.66,69146,71154,56959,118371,-2008,14195,-61412,-2.9,19.95,-107.82,665968,1071626,889486,1904787,-405658,182140,-1015301,-60.91,17.0,-114.14,0.6355,0.6467,0.6054,0.6872,-0.01,0.04,-0.08
148,ATUL,8671.85,8767.95,8900.4,9001.7,-96.1,-132.45,-101.3,-1.11,-1.51,-1.14,23471,16495,11943,37724,6976,4552,-25781,29.72,27.6,-215.87,4319,4131,2801,5551,188,1330,-2750,4.35,32.2,-98.18,12907,7788,5373,27037,5119,2415,-21664,39.66,31.01,-403.2,0.5499,0.4721,0.4499,0.7167,0.08,0.02,-0.27
149,LTI,4604.7,4697.5,4645.25,4666.3,-92.8,52.25,-21.05,-2.02,1.11,-0.45,332326,236016,205622,277078,96310,30394,-71456,28.98,12.88,-34.75,28708,24287,22231,25778,4421,2056,-3547,15.4,8.47,-15.96,123590,64750,61731,84263,58840,3019,-22532,47.61,4.66,-36.5,0.3719,0.2743,0.3002,0.3041,0.1,-0.03,-0.0
150,PNB,35.7,36.55,36.65,36.65,-0.85,-0.1,0.0,-2.38,-0.27,0.0,35436582,32747438,28687877,27448412,2689144,4059561,1239465,7.59,12.4,4.32,38339,36709,35648,38317,1630,1061,-2669,4.25,2.89,-7.49,8433816,3884543,4988471,6110226,4549273,-1103928,-1121755,53.94,-28.42,-22.49,0.23800000000000002,0.1186,0.1739,0.22260000000000002,0.12,-0.06,-0.05
151,ASIANPAINT,3298.7,3277.95,3343.7,3328.95,20.75,-65.75,14.75,0.63,-2.01,0.44,1411316,734377,774544,922770,676939,-40167,-148226,47.97,-5.47,-19.14,101087,65136,67947,90382,35951,-2811,-22435,35.56,-4.32,-33.02,523181,302946,294432,447912,220235,8514,-153480,42.1,2.81,-52.13,0.37070000000000003,0.41250000000000003,0.3801,0.4854,-0.04,0.03,-0.11
152,PFIZER,4432.15,4452.3,4438.9,4440.0,-20.15,13.4,-1.1,-0.45,0.3,-0.02,65900,34428,16935,52658,31472,17493,-35723,47.76,50.81,-210.94,5322,8466,3197,7098,-3144,5269,-3901,-59.08,62.24,-122.02,56049,14137,10885,34046,41912,3252,-23161,74.78,23.0,-212.78,0.8505,0.4106,0.6428,0.6465000000000001,0.44,-0.23,-0.0
153,HAVELLS,1279.4,1345.4,1350.75,1352.55,-66.0,-5.35,-1.8,-5.16,-0.4,-0.13,1009006,391374,568417,457774,617632,-177043,110643,61.21,-45.24,19.47,44507,26376,21426,33751,18131,4950,-12325,40.74,18.77,-57.52,534540,147713,333058,277332,386827,-185345,55726,72.37,-125.48,16.73,0.5297999999999999,0.3774,0.5859000000000001,0.6058,0.15,-0.21,-0.02
154,NAVINFLUOR,4577.3,4605.25,4616.75,4588.55,-27.95,-11.5,28.2,-0.61,-0.25,0.61,150757,73482,140217,163720,77275,-66735,-23503,51.26,-90.82,-16.76,14539,7378,12721,18178,7161,-5343,-5457,49.25,-72.42,-42.9,59427,25960,39694,82617,33467,-13734,-42923,56.32,-52.9,-108.13,0.39420000000000005,0.3533,0.2831,0.5046,0.04,0.07,-0.22
155,BHARATFORG,774.15,778.15,767.35,763.9,-4.0,10.8,3.45,-0.52,1.39,0.45,1389766,2064561,1933521,6396270,-674795,131040,-4462749,-48.55,6.35,-230.81,60518,40872,45224,116561,19646,-4352,-71337,32.46,-10.65,-157.74,652308,809362,532556,1324192,-157054,276806,-791636,-24.08,34.2,-148.65,0.4694,0.392,0.2754,0.207,0.08,0.12,0.07
156,LTTS,3555.65,3607.35,3587.05,3599.4,-51.7,20.3,-12.35,-1.45,0.56,-0.34,235736,146272,103667,255683,89464,42605,-152016,37.95,29.13,-146.64,20517,15715,11486,22293,4802,4229,-10807,23.4,26.91,-94.09,89523,31205,23282,81495,58318,7923,-58213,65.14,25.39,-250.03,0.37979999999999997,0.2133,0.22460000000000002,0.31870000000000004,0.17,-0.01,-0.09
157,GLENMARK,384.05,393.1,398.05,400.25,-9.05,-4.95,-2.2,-2.36,-1.26,-0.55,1000917,996602,1029659,883803,4315,-33057,145856,0.43,-3.32,14.17,22528,16051,18361,16536,6477,-2310,1825,28.75,-14.39,9.94,479323,295981,260463,228067,183342,35518,32396,38.25,12.0,12.44,0.4789,0.297,0.253,0.2581,0.18,0.04,-0.01
158,RELIANCE,2357.9,2405.8,2432.35,2422.1,-47.9,-26.55,10.25,-2.03,-1.1,0.42,4252803,2921076,3560167,6162021,1331727,-639091,-2601854,31.31,-21.88,-73.08,197213,136725,119485,212103,60488,17240,-92618,30.67,12.61,-77.51,2480007,1453561,1945241,4293494,1026446,-491680,-2348253,41.39,-33.83,-120.72,0.5831000000000001,0.4976,0.5464,0.6968000000000001,0.09,-0.05,-0.15
159,COROMANDEL,960.75,976.3,997.45,1012.35,-15.55,-21.15,-14.9,-1.62,-2.17,-1.49,387485,218628,566761,503967,168857,-348133,62794,43.58,-159.24,11.08,16583,17651,16477,24990,-1068,1174,-8513,-6.44,6.65,-51.67,216839,94472,409401,327922,122367,-314929,81479,56.43,-333.36,19.9,0.5596,0.43210000000000004,0.7223999999999999,0.6507,0.13,-0.29,0.07
160,LAURUSLABS,512.15,516.6,523.55,526.1,-4.45,-6.95,-2.55,-0.87,-1.35,-0.49,982551,430515,1017944,547862,552036,-587429,470082,56.18,-136.45,46.18,21142,10740,18238,12188,10402,-7498,6050,49.2,-69.81,33.17,401238,147443,439687,216355,253795,-292244,223332,63.25,-198.21,50.79,0.40840000000000004,0.3425,0.4319,0.39490000000000003,0.07,-0.09,0.04
161,UPL,664.15,683.0,690.45,686.0,-18.85,-7.45,4.45,-2.84,-1.09,0.64,1257522,1009423,2367283,1208462,248099,-1357860,1158821,19.73,-134.52,48.95,48484,37407,59340,46440,11077,-21933,12900,22.85,-58.63,21.74,457625,339096,506948,397812,118529,-167852,109136,25.9,-49.5,21.53,0.3639,0.33590000000000003,0.2141,0.32920000000000005,0.03,0.12,-0.12
162,INDUSINDBK,1164.6,1210.3,1213.4,1200.9,-45.7,-3.1,12.5,-3.92,-0.26,1.03,21664338,2547644,3338767,2773277,19116694,-791123,565490,88.24,-31.05,16.94,118301,63019,91356,78241,55282,-28337,13115,46.73,-44.97,14.36,12362736,756636,1226598,966350,11606100,-469962,260248,93.88,-62.11,21.22,0.5706,0.297,0.3674,0.34850000000000003,0.27,-0.07,0.02
163,OFSS,2909.15,2965.1,2968.0,3038.55,-55.95,-2.9,-70.55,-1.92,-0.1,-2.38,105554,83613,135898,91589,21941,-52285,44309,20.79,-62.53,32.6,14568,9651,19863,11501,4917,-10212,8362,33.75,-105.81,42.1,59786,42344,87980,45753,17442,-45636,42227,29.17,-107.77,48.0,0.5664,0.5064,0.6474,0.49950000000000006,0.06,-0.14,0.15
164,HCLTECH,938.6,963.25,957.7,964.55,-24.65,5.55,-6.85,-2.63,0.58,-0.72,3134969,2758812,2174327,3713623,376157,584485,-1539296,12.0,21.19,-70.79,117831,91895,113083,115383,25936,-21188,-2300,22.01,-23.06,-2.03,1699751,1661270,1092970,2627530,38481,568300,-1534560,2.26,34.21,-140.4,0.5422,0.6022,0.5027,0.7075,-0.06,0.1,-0.2
165,SIEMENS,2726.35,2774.85,2819.6,2800.45,-48.5,-44.75,19.15,-1.78,-1.61,0.68,148745,108443,310571,197017,40302,-202128,113554,27.09,-186.39,36.56,11901,12569,18051,19938,-668,-5482,-1887,-5.61,-43.62,-10.45,69001,39752,131010,81356,29249,-91258,49654,42.39,-229.57,37.9,0.46390000000000003,0.3666,0.4218,0.4129,0.1,-0.06,0.01
166,TCS,3069.55,3118.55,3064.9,3101.95,-49.0,53.65,-37.05,-1.6,1.72,-1.21,4730645,3064063,1939879,1790816,1666582,1124184,149063,35.23,36.69,7.68,236043,166518,103889,119572,69525,62629,-15683,29.45,37.61,-15.1,1381250,1184324,1170494,1104816,196926,13830,65678,14.26,1.17,5.61,0.292,0.3865,0.6034,0.6169,-0.09,-0.22,-0.01
167,WIPRO,404.4,411.3,408.1,410.15,-6.9,3.2,-2.05,-1.71,0.78,-0.5,11361646,9357463,3790093,5601939,2004183,5567370,-1811846,17.64,59.5,-47.8,182559,134498,66547,98941,48061,67951,-32394,26.33,50.52,-48.68,3252451,5392290,1637570,2760890,-2139839,3754720,-1123320,-65.79,69.63,-68.6,0.2863,0.5763,0.43210000000000004,0.4928,-0.29,0.14,-0.06
168,APLLTD,597.7,611.25,617.5,622.85,-13.55,-6.25,-5.35,-2.27,-1.02,-0.87,124469,62381,140501,49103,62088,-78120,91398,49.88,-125.23,65.05,10867,4798,6978,2385,6069,-2180,4593,55.85,-45.44,65.82,70091,29648,68210,22922,40443,-38562,45288,57.7,-130.07,66.39,0.5631,0.4753,0.4855,0.4668,0.09,-0.01,0.02
169,COFORGE,3592.8,3638.05,3602.5,3622.15,-45.25,35.55,-19.65,-1.26,0.98,-0.55,401676,201583,170174,346009,200093,31409,-175835,49.81,15.58,-103.33,35487,21614,13051,25810,13873,8563,-12759,39.09,39.62,-97.76,136232,67700,48836,101519,68532,18864,-52683,50.31,27.86,-107.88,0.3392,0.3358,0.287,0.2934,0.0,0.05,-0.01
170,METROPOLIS,1548.7,1553.15,1535.4,1566.95,-4.45,17.75,-31.55,-0.29,1.14,-2.05,220204,128845,180637,271834,91359,-51792,-91197,41.49,-40.2,-50.49,10827,8778,9336,10149,2049,-558,-813,18.92,-6.36,-8.71,120294,50135,79665,146206,70159,-29530,-66541,58.32,-58.9,-83.53,0.5463,0.3891,0.441,0.5379,0.16,-0.05,-0.1
171,COALINDIA,225.45,229.85,229.7,233.5,-4.4,0.15,-3.8,-1.95,0.07,-1.65,19154740,10850668,14641624,12795784,8304072,-3790956,1845840,43.35,-34.94,12.61,85289,73493,99846,102162,11796,-26353,-2316,13.83,-35.86,-2.32,12997191,5293999,6999982,4876996,7703192,-1705983,2122986,59.27,-32.22,30.33,0.6785,0.4879,0.4781,0.3811,0.19,0.01,0.1
172,DRREDDY,4282.75,4380.0,4376.65,4397.55,-97.25,3.35,-20.9,-2.27,0.08,-0.48,297382,243749,267773,246239,53633,-24024,21534,18.04,-9.86,8.04,35871,35119,23456,33444,752,11663,-9988,2.1,33.21,-42.58,146619,139683,169018,134394,6936,-29335,34624,4.73,-21.0,20.49,0.493,0.5731,0.6312,0.5458,-0.08,-0.06,0.09
173,INFY,1423.8,1462.65,1451.2,1455.15,-38.85,11.45,-3.95,-2.73,0.78,-0.27,12824774,5274677,3994466,6180672,7550097,1280211,-2186206,58.87,24.27,-54.73,357001,202762,163553,186110,154239,39209,-22557,43.2,19.34,-13.79,7613537,3428076,2504702,4257208,4185461,923374,-1752506,54.97,26.94,-69.97,0.5937,0.6498999999999999,0.627,0.6888,-0.06,0.02,-0.06
174,ALKEM,3198.65,3174.65,3200.3,3279.35,24.0,-25.65,-79.05,0.75,-0.81,-2.47,149439,44062,242385,33925,105377,-198323,208460,70.52,-450.1,86.0,9627,5759,6385,4373,3868,-626,2012,40.18,-10.87,31.51,95519,15350,209955,10225,80169,-194605,199730,83.93,-1267.79,95.13,0.6392,0.34840000000000004,0.8662000000000001,0.3014,0.29,-0.52,0.56
175,SBILIFE,1206.35,1239.3,1243.2,1245.15,-32.95,-3.9,-1.95,-2.73,-0.31,-0.16,712461,539842,570691,900769,172619,-30849,-330078,24.23,-5.71,-57.84,41417,44457,39120,52116,-3040,5337,-12996,-7.34,12.0,-33.22,428933,340072,284087,601017,88861,55985,-316930,20.72,16.46,-111.56,0.6020000000000001,0.6299,0.4978,0.6672,-0.03,0.13,-0.17
176,CANFINHOME,480.65,497.2,500.7,501.25,-16.55,-3.5,-0.55,-3.44,-0.7,-0.11,898264,892073,805811,1601352,6191,86262,-795541,0.69,9.67,-98.73,16183,15360,14032,26861,823,1328,-12829,5.09,8.65,-91.43,295300,179143,134858,372696,116157,44285,-237838,39.34,24.72,-176.36,0.3287,0.20079999999999998,0.1674,0.2327,0.13,0.03,-0.07
177,MFSL,750.8,758.2,771.3,769.95,-7.4,-13.1,1.35,-0.99,-1.73,0.18,711088,342176,204408,750749,368912,137768,-546341,51.88,40.26,-267.28,22821,12125,10960,31099,10696,1165,-20139,46.87,9.61,-183.75,533274,232895,90540,512862,300379,142355,-422322,56.33,61.12,-466.45,0.7499,0.6806,0.4429,0.6831,0.07,0.24,-0.24
178,FSL,102.85,104.9,105.5,106.15,-2.05,-0.6,-0.65,-1.99,-0.57,-0.62,2313383,1432767,1531715,1831243,880616,-98948,-299528,38.07,-6.91,-19.56,12874,8877,12103,10927,3997,-3226,1176,31.05,-36.34,9.72,498209,395903,489634,561928,102306,-93731,-72294,20.53,-23.68,-14.76,0.2154,0.2763,0.3197,0.3069,-0.06,-0.04,0.01
179,WHIRLPOOL,1622.65,1647.35,1646.45,1656.0,-24.7,0.9,-9.55,-1.52,0.05,-0.58,153462,118897,55559,95755,34565,63338,-40196,22.52,53.27,-72.35,9059,12258,6037,17534,-3199,6221,-11497,-35.31,50.75,-190.44,104161,78304,26909,52681,25857,51395,-25772,24.82,65.64,-95.77,0.6787000000000001,0.6586,0.4843,0.5502,0.02,0.17,-0.07
180,HAL,2368.8,2419.75,2459.7,2476.0,-50.95,-39.95,-16.3,-2.15,-1.65,-0.66,605691,672566,889022,1601688,-66875,-216456,-712666,-11.04,-32.18,-80.16,37940,33820,36339,72008,4120,-2519,-35669,10.86,-7.45,-98.16,220953,256544,328164,500044,-35591,-71620,-171880,-16.11,-27.92,-52.38,0.36479999999999996,0.3814,0.3691,0.3122,-0.02,0.01,0.06
181,STAR,319.65,332.05,337.65,345.0,-12.4,-5.6,-7.35,-3.88,-1.69,-2.18,387013,255546,234998,327281,131467,20548,-92283,33.97,8.04,-39.27,11210,7601,7727,10435,3609,-126,-2708,32.19,-1.66,-35.05,119949,54171,110924,124693,65778,-56753,-13769,54.84,-104.77,-12.41,0.3099,0.212,0.47200000000000003,0.381,0.1,-0.26,0.09
182,IRCTC,725.6,731.2,735.25,731.25,-5.6,-4.05,4.0,-0.77,-0.55,0.54,3747651,1952447,3152365,4123619,1795204,-1199918,-971254,47.9,-61.46,-30.81,74352,42825,56327,79934,31527,-13502,-23607,42.4,-31.53,-41.91,826572,626704,909876,1610678,199868,-283172,-700802,24.18,-45.18,-77.02,0.2206,0.321,0.2886,0.39060000000000006,-0.1,0.03,-0.1
183,BEL,103.05,104.45,106.25,104.65,-1.4,-1.8,1.6,-1.36,-1.72,1.51,11739022,11511957,20045623,20520361,227065,-8533666,-474738,1.93,-74.13,-2.37,64755,51230,73459,115266,13525,-22229,-41807,20.89,-43.39,-56.91,6475195,7342851,13094670,12167187,-867656,-5751819,927483,-13.4,-78.33,7.08,0.5516,0.6378,0.6531999999999999,0.5929,-0.09,-0.02,0.06
184,NBCC,30.9,31.6,32.0,32.1,-0.7,-0.4,-0.1,-2.27,-1.27,-0.31,1861167,1405477,1538550,2161893,455690,-133073,-623343,24.48,-9.47,-40.51,6278,4586,3987,4407,1692,599,-420,26.95,13.06,-10.53,1233038,622812,588705,909478,610226,34107,-320773,49.49,5.48,-54.49,0.6625,0.44310000000000005,0.3826,0.4207,0.22,0.06,-0.04
185,ESCORTS,2041.25,2098.7,2134.3,2132.15,-57.45,-35.6,2.15,-2.81,-1.7,0.1,220563,178202,337165,265122,42361,-158963,72043,19.21,-89.2,21.37,12966,11339,18552,13590,1627,-7213,4962,12.55,-63.61,26.75,60922,48992,88556,60504,11930,-39564,28052,19.58,-80.76,31.68,0.2762,0.2749,0.2626,0.22820000000000001,0.0,0.01,0.03
186,AUBANK,582.8,587.35,591.05,605.05,-4.55,-3.7,-14.0,-0.78,-0.63,-2.37,2613081,1142078,2075229,3958623,1471003,-933151,-1883394,56.29,-81.71,-90.76,44990,37238,54204,75664,7752,-16966,-21460,17.23,-45.56,-39.59,1708083,350934,1039751,1477466,1357149,-688817,-437715,79.45,-196.28,-42.1,0.6537000000000001,0.3073,0.501,0.37320000000000003,0.35,-0.19,0.13
187,POWERGRID,208.35,208.95,209.4,206.3,-0.6,-0.45,3.1,-0.29,-0.22,1.48,13355372,12625670,10712138,15519559,729702,1913532,-4807421,5.46,15.16,-44.88,70690,80195,67550,143628,-9505,12645,-76078,-13.45,15.77,-112.62,7859444,7612594,4126370,10328621,246850,3486224,-6202251,3.14,45.8,-150.31,0.5885,0.6029,0.38520000000000004,0.6655,-0.01,0.22,-0.28
188,IPCALAB,897.55,912.05,918.95,919.7,-14.5,-6.9,-0.75,-1.62,-0.76,-0.08,157693,137507,108057,158172,20186,29450,-50115,12.8,21.42,-46.38,10225,9096,6327,12298,1129,2769,-5971,11.04,30.44,-94.37,83210,70391,37845,54151,12819,32546,-16306,15.41,46.24,-43.09,0.5277000000000001,0.5119,0.3502,0.34240000000000004,0.02,0.16,0.01
189,TECHM,1004.85,1029.35,1023.85,1031.3,-24.5,5.5,-7.45,-2.44,0.53,-0.73,2310765,1660433,1539126,2397633,650332,121307,-858507,28.14,7.31,-55.78,100992,49086,46915,100258,51906,2171,-53343,51.4,4.42,-113.7,1124214,616675,704600,1380408,507539,-87925,-675808,45.15,-14.26,-95.91,0.4865,0.3714,0.45780000000000004,0.5757,0.12,-0.09,-0.12
190,GRANULES,343.0,347.05,348.2,349.65,-4.05,-1.15,-1.45,-1.18,-0.33,-0.42,1412961,857427,1927329,2129625,555534,-1069902,-202296,39.32,-124.78,-10.5,15331,10141,26782,33346,5190,-16641,-6564,33.85,-164.1,-24.51,502814,219935,557726,727187,282879,-337791,-169461,56.26,-153.59,-30.38,0.35590000000000005,0.2565,0.28940000000000005,0.34149999999999997,0.1,-0.03,-0.05
191,CUB,176.65,179.0,179.0,171.4,-2.35,0.0,7.6,-1.33,0.0,4.25,2334395,3421704,6075115,2731841,-1087309,-2653411,3343274,-46.58,-77.55,55.03,21858,25348,39166,18033,-3490,-13818,21133,-15.97,-54.51,53.96,692435,1213575,2544199,1392846,-521140,-1330624,1151353,-75.26,-109.64,45.25,0.29660000000000003,0.3547,0.41880000000000006,0.5099,-0.06,-0.06,-0.09
192,DIXON,4259.8,4235.6,4314.55,4433.05,24.2,-78.95,-118.5,0.57,-1.86,-2.75,106538,281483,330155,181967,-174945,-48672,148188,-164.21,-17.29,44.88,11946,14720,34928,21708,-2774,-20208,13220,-23.22,-137.28,37.85,32836,188991,117987,69523,-156155,71004,48464,-475.56,37.57,41.08,0.30820000000000003,0.6714,0.35740000000000005,0.3821,-0.36,0.31,-0.02
193,CIPLA,1110.1,1118.85,1130.5,1134.45,-8.75,-11.65,-3.95,-0.79,-1.04,-0.35,1538943,1583891,1182984,1561938,-44948,400907,-378954,-2.92,25.31,-32.03,86156,51481,69194,79922,34675,-17713,-10728,40.25,-34.41,-15.5,840097,970625,532614,794298,-130528,438011,-261684,-15.54,45.13,-49.13,0.5459,0.6128,0.45020000000000004,0.5085000000000001,-0.07,0.16,-0.06
194,GMRINFRA,34.8,35.15,35.45,35.85,-0.35,-0.3,-0.4,-1.01,-0.85,-1.13,4895330,3648024,4849512,4147578,1247306,-1201488,701934,25.48,-32.94,14.47,37843,33815,36150,27568,4028,-2335,8582,10.64,-6.91,23.74,1295520,834997,1115970,1122371,460523,-280973,-6401,35.55,-33.65,-0.57,0.2646,0.22890000000000002,0.23010000000000003,0.2706,0.04,-0.0,-0.04
195,NTPC,161.05,163.95,164.3,162.9,-2.9,-0.35,1.4,-1.8,-0.21,0.85,13805741,10484521,8825983,6456408,3321220,1658538,2369575,24.06,15.82,26.85,57853,55582,57644,70517,2271,-2062,-12873,3.93,-3.71,-22.33,9263799,5859637,4809348,3782941,3404162,1050289,1026407,36.75,17.92,21.34,0.6709999999999999,0.5589000000000001,0.5449,0.5859000000000001,0.11,0.01,-0.04
196,RBLBANK,120.1,120.65,122.6,121.15,-0.55,-1.95,1.45,-0.46,-1.62,1.18,9736134,9629370,9874920,24642639,106764,-245550,-14767719,1.1,-2.55,-149.55,30432,28236,30311,55794,2196,-2075,-25483,7.22,-7.35,-84.07,1664167,1198113,1454986,2885046,466054,-256873,-1430060,28.01,-21.44,-98.29,0.1709,0.1244,0.14730000000000001,0.11710000000000001,0.05,-0.02,0.03
